{"root":[{"assemblyName":"Assembly-CSharp","nameSpace":"Alteruna.TextChatCommands","className":"CommandCreateRoom","methodName":"Init","loadTypes":3,"isUnityClass":false},{"assemblyName":"Assembly-CSharp","nameSpace":"Alteruna.TextChatCommands","className":"CommandJoinRoom","methodName":"Init","loadTypes":3,"isUnityClass":false},{"assemblyName":"Assembly-CSharp","nameSpace":"Alteruna.TextChatCommands","className":"CommandLeaveRoom","methodName":"Init","loadTypes":3,"isUnityClass":false},{"assemblyName":"Assembly-CSharp","nameSpace":"Alteruna.TextChatCommands","className":"CommandLoadScene","methodName":"Init","loadTypes":3,"isUnityClass":false},{"assemblyName":"Assembly-CSharp","nameSpace":"Alteruna.TextChatCommands","className":"CommandMe","methodName":"Init","loadTypes":3,"isUnityClass":false},{"assemblyName":"Assembly-CSharp","nameSpace":"Alteruna.TextChatCommands","className":"CommandMove","methodName":"Init","loadTypes":3,"isUnityClass":false},{"assemblyName":"Assembly-CSharp","nameSpace":"Alteruna.TextChatCommands","className":"CommandPrint","methodName":"Init","loadTypes":3,"isUnityClass":false},{"assemblyName":"Assembly-CSharp","nameSpace":"Alteruna.TextChatCommands","className":"CommandRoom","methodName":"Init","loadTypes":3,"isUnityClass":false},{"assemblyName":"Assembly-CSharp","nameSpace":"Alteruna.TextChatCommands","className":"CommandRotate","methodName":"Init","loadTypes":3,"isUnityClass":false},{"assemblyName":"Assembly-CSharp","nameSpace":"Alteruna.TextChatCommands","className":"CommandScale","methodName":"Init","loadTypes":3,"isUnityClass":false},{"assemblyName":"Assembly-CSharp","nameSpace":"Alteruna.TextChatCommands","className":"CommandSync","methodName":"Init","loadTypes":3,"isUnityClass":false},{"assemblyName":"Assembly-CSharp","nameSpace":"Alteruna.TextChatCommands","className":"CommandTarget","methodName":"Init","loadTypes":3,"isUnityClass":false},{"assemblyName":"Assembly-CSharp","nameSpace":"Alteruna.TextChatCommands","className":"CommandTp","methodName":"Init","loadTypes":3,"isUnityClass":false},{"assemblyName":"Assembly-CSharp","nameSpace":"Alteruna.TextChatCommands","className":"CommandUid","methodName":"Init","loadTypes":3,"isUnityClass":false},{"assemblyName":"Unity.AI.Navigation","nameSpace":"Unity.AI.Navigation","className":"NavMeshLink","methodName":"ClearTrackedList","loadTypes":1,"isUnityClass":true},{"assemblyName":"Unity.AI.Navigation","nameSpace":"Unity.AI.Navigation","className":"NavMeshModifier","methodName":"ClearNavMeshModifiers","loadTypes":1,"isUnityClass":true},{"assemblyName":"Unity.AI.Navigation","nameSpace":"Unity.AI.Navigation","className":"NavMeshModifierVolume","methodName":"ClearNavMeshModifiers","loadTypes":1,"isUnityClass":true},{"assemblyName":"Unity.AI.Navigation","nameSpace":"Unity.AI.Navigation","className":"NavMeshSurface","methodName":"ClearNavMeshSurfaces","loadTypes":1,"isUnityClass":true},{"assemblyName":"Unity.Collections","nameSpace":"","className":"__JobReflectionRegistrationOutput__1652832624114795843","methodName":"EarlyInit","loadTypes":2,"isUnityClass":true},{"assemblyName":"Unity.Collections","nameSpace":"","className":"$BurstDirectCallInitializer","methodName":"Initialize","loadTypes":2,"isUnityClass":true},{"assemblyName":"Unity.InputSystem","nameSpace":"UnityEngine.InputSystem","className":"InputSystem","methodName":"RunInitializeInPlayer","loadTypes":4,"isUnityClass":true},{"assemblyName":"Unity.InputSystem","nameSpace":"UnityEngine.InputSystem","className":"InputSystem","methodName":"RunInitialUpdate","loadTypes":1,"isUnityClass":true},{"assemblyName":"Unity.InputSystem.ForUI","nameSpace":"UnityEngine.InputSystem.Plugins.InputForUI","className":"InputSystemProvider","methodName":"Bootstrap","loadTypes":4,"isUnityClass":true},{"assemblyName":"Unity.Rendering.LightTransport.Runtime","nameSpace":"","className":"__JobReflectionRegistrationOutput__16164947281921951637","methodName":"EarlyInit","loadTypes":2,"isUnityClass":true},{"assemblyName":"Unity.RenderPipelines.Core.Runtime","nameSpace":"UnityEngine.Experimental.Rendering","className":"XRSystem","methodName":"XRSystemInit","loadTypes":3,"isUnityClass":true},{"assemblyName":"Unity.RenderPipelines.Core.Runtime","nameSpace":"UnityEngine.Rendering","className":"DebugUpdater","methodName":"RuntimeInit","loadTypes":0,"isUnityClass":true},{"assemblyName":"Unity.RenderPipelines.GPUDriven.Runtime","nameSpace":"","className":"__JobReflectionRegistrationOutput__15867191014387474753","methodName":"EarlyInit","loadTypes":2,"isUnityClass":true},{"assemblyName":"Unity.RenderPipelines.Universal.2D.Runtime","nameSpace":"","className":"$BurstDirectCallInitializer","methodName":"Initialize","loadTypes":2,"isUnityClass":true},{"assemblyName":"Unity.VisualScripting.Core","nameSpace":"Unity.VisualScripting","className":"RuntimeVSUsageUtility","methodName":"RuntimeInitializeOnLoadBeforeSceneLoad","loadTypes":1,"isUnityClass":true}]}
